,Ball_Skills,Defence,Physical,Shooting,Mental,Passing,Goalkeeper,Specialities,ID,Name,Overal
0,89.5,62.0,76.42857142857143,81.5,84.0,93.66666666666667,11.2,Dribbler/Playmaker/Engine/Distance Shooter/Crosser/Complete Midfielder,192985,Kevin De Bruyne,91
1,85.0,38.666666666666664,81.85714285714286,80.0,73.83333333333333,77.0,10.6,Dribbler,231677,Marcus Rashford,85
2,74.5,87.33333333333333,75.14285714285714,64.625,79.83333333333333,68.66666666666667,10.8,Tackling/Tactician,226790,Wilfred Ndidi,85
3,91.0,68.66666666666667,74.42857142857143,73.625,81.0,85.66666666666667,9.2,Dribbler/Acrobat,189509,Thiago,86
4,80.0,28.333333333333332,78.57142857142857,80.625,71.83333333333333,72.33333333333333,9.6,,188567,Pierre-Emerick Aubameyang,85
5,87.5,72.66666666666667,70.42857142857143,76.375,81.5,83.66666666666667,9.6,Dribbler/Playmaker,186942,İlkay Gündoğan,85
6,89.5,53.666666666666664,81.0,76.5,78.66666666666667,77.66666666666667,8.8,Dribbler/Engine,201942,Roberto Firmino,85
7,83.0,73.0,67.28571428571429,70.75,80.0,85.33333333333333,11.2,Playmaker,205498,Jorginho,85
8,80.0,81.33333333333333,81.0,68.375,76.83333333333333,77.66666666666667,11.4,Speedster/Engine,188377,Kyle Walker,85
9,91.0,32.666666666666664,75.85714285714286,74.875,69.33333333333333,79.66666666666667,10.8,Dribbler/Acrobat,204485,Riyad Mahrez,86
10,80.0,50.333333333333336,77.71428571428571,77.5,80.5,67.66666666666667,12.4,,208830,Jamie Vardy,86
11,80.0,81.66666666666667,70.42857142857143,65.625,79.66666666666667,77.0,9.8,,231866,Rodri,86
12,79.5,86.0,72.14285714285714,68.75,81.16666666666667,80.33333333333333,9.4,Tackling/Tactician,209499,Fabinho,86
13,85.0,80.33333333333333,78.85714285714286,69.5,81.0,83.0,11.6,Crosser,210514,João Cancelo,86
14,70.5,86.33333333333333,68.42857142857143,57.25,76.33333333333333,73.33333333333333,9.0,Tackling/Tactician,212218,Aymeric Laporte,86
15,22.0,19.0,55.714285714285715,19.375,44.666666666666664,37.666666666666664,82.0,,167948,Hugo Lloris,87
16,82.0,82.66666666666667,77.42857142857143,62.875,82.16666666666667,82.0,10.0,Engine/Crosser,216267,Andrew Robertson,87
17,82.0,80.66666666666667,74.28571428571429,71.875,80.5,89.33333333333333,11.2,Crosser,231281,Trent Alexander-Arnold,87
18,91.0,34.333333333333336,77.14285714285714,69.125,70.66666666666667,79.66666666666667,10.4,Dribbler/Acrobat,233049,Jadon Sancho,87
19,69.0,88.0,70.14285714285714,47.875,72.5,69.66666666666667,9.4,Tackling,239818,Rúben Dias,87
20,66.5,87.0,72.57142857142857,52.5,74.33333333333333,65.33333333333333,10.0,Tackling,201535,Raphaël Varane,86
21,80.0,33.666666666666664,74.57142857142857,81.75,73.16666666666667,73.33333333333333,10.8,Poacher/Strength,192505,Romelu Lukaku,88
22,86.5,49.0,81.42857142857143,72.125,71.66666666666667,77.0,12.6,Speedster/Dribbler/Acrobat,202652,Raheem Sterling,88
23,85.0,70.0,77.57142857142857,84.625,83.16666666666667,88.66666666666667,12.6,Playmaker/Engine/Distance Shooter/Crosser/FK Specialist/Complete Midfielder,212198,Bruno Fernandes,88
24,73.0,90.0,74.14285714285714,65.125,77.0,72.66666666666667,11.6,Tackling/Tactician/Strength/Complete Defender,203376,Virgil van Dijk,89
25,89.0,40.666666666666664,86.85714285714286,77.5,76.5,77.66666666666667,11.2,Speedster/Dribbler/Acrobat/Clinical Finisher/Complete Forward,208722,Sadio Mané,89
26,31.5,17.333333333333332,60.0,27.5,52.166666666666664,49.0,87.6,,210257,Ederson,89
27,28.5,16.666666666666668,48.857142857142854,24.875,44.833333333333336,35.333333333333336,87.0,,212831,Alisson,89
28,84.0,41.333333333333336,75.28571428571429,85.5,81.33333333333333,83.66666666666667,10.8,Distance Shooter/Clinical Finisher,202126,Harry Kane,90
29,88.0,26.666666666666668,83.14285714285714,88.875,75.33333333333333,81.33333333333333,11.6,Aerial Threat/Dribbler/Distance Shooter/Crosser/Acrobat/Clinical Finisher/Complete Forward,20801,Cristiano Ronaldo,91
30,77.5,44.0,71.85714285714286,82.75,79.66666666666667,65.0,10.6,,179813,Edinson Cavani,85
31,19.5,14.333333333333334,51.285714285714285,19.625,42.666666666666664,26.0,81.2,,203841,Nick Pope,83
32,83.0,37.666666666666664,74.71428571428571,78.375,76.5,76.33333333333333,11.0,,204838,Raúl Jiménez,83
33,25.5,20.0,56.142857142857146,17.875,42.666666666666664,35.666666666666664,81.8,,192563,Bernd Leno,83
34,81.5,83.66666666666667,76.42857142857143,62.125,81.66666666666667,78.33333333333333,8.8,,199914,Allan,83
35,77.5,83.66666666666667,71.14285714285714,52.5,74.0,73.33333333333333,10.2,,203574,John Stones,83
36,70.5,84.33333333333333,61.857142857142854,51.375,75.66666666666667,68.33333333333333,10.6,Tactician,197061,Joel Matip,83
37,27.0,17.666666666666668,57.0,26.375,50.166666666666664,42.666666666666664,82.8,,204935,Jordan Pickford,83
38,89.0,69.66666666666667,75.71428571428571,67.625,78.16666666666667,81.66666666666667,6.8,Dribbler/Acrobat,207410,Mateo Kovačić,83
39,64.5,84.33333333333333,70.71428571428571,49.25,70.83333333333333,72.33333333333333,11.8,Strength,205452,Antonio Rüdiger,83
40,83.5,81.33333333333333,73.14285714285714,67.75,81.33333333333333,82.0,9.8,,209989,Thomas Partey,83
41,78.0,80.0,68.42857142857143,68.5,78.5,76.33333333333333,10.0,,213648,Pierre-Emile Højbjerg,83
42,78.0,85.66666666666667,78.0,52.375,76.16666666666667,69.0,7.8,Tackling,229880,Aaron Wan-Bissaka,83
43,86.0,34.333333333333336,82.0,75.125,72.33333333333333,69.66666666666667,9.6,Dribbler/Acrobat,230666,Gabriel Jesus,83
44,22.0,11.333333333333334,41.42857142857143,16.5,37.0,31.666666666666668,81.6,,234642,Édouard Mendy,83
45,83.5,50.666666666666664,71.14285714285714,75.0,76.5,83.66666666666667,11.2,Engine,233064,Mason Mount,83
46,80.5,78.66666666666667,73.14285714285714,72.375,81.5,84.66666666666667,9.8,Engine,183711,Jordan Henderson,84
47,88.5,46.666666666666664,72.28571428571429,68.875,72.83333333333333,82.66666666666667,10.2,Dribbler,206517,Jack Grealish,84
48,81.0,81.66666666666667,79.85714285714286,73.0,78.33333333333333,80.66666666666667,9.2,Crosser,200458,Lucas Digne,84
49,84.0,46.666666666666664,70.14285714285714,74.25,76.5,87.66666666666667,10.2,Playmaker/Crosser,208670,Hakim Ziyech,84
50,24.0,17.0,54.857142857142854,27.125,44.666666666666664,41.0,83.6,,202811,Emiliano Martínez,84
51,73.5,82.66666666666667,64.0,55.875,78.33333333333333,71.0,12.4,Tactician/Strength,203263,Harry Maguire,84
52,28.0,19.666666666666668,55.142857142857146,23.125,47.833333333333336,36.0,81.4,,193080,De Gea,84
53,82.0,82.33333333333333,79.14285714285714,65.125,79.16666666666667,80.33333333333333,13.0,,210243,Ricardo Pereira,84
54,83.0,26.0,80.42857142857143,76.125,70.33333333333333,67.66666666666667,10.0,Speedster,212188,Timo Werner,84
55,87.0,54.666666666666664,74.42857142857143,67.5,75.66666666666667,79.0,10.4,Dribbler/Acrobat,237692,Phil Foden,84
56,85.5,41.0,76.71428571428571,75.0,68.33333333333333,78.0,9.4,Dribbler,235790,Kai Havertz,84
57,26.0,13.666666666666666,51.714285714285715,21.375,46.0,36.0,83.0,,163587,Kasper Schmeichel,85
58,82.0,70.66666666666667,69.42857142857143,78.0,79.66666666666667,86.33333333333333,10.0,Playmaker,216393,Stahl Tielemans,84
59,73.0,85.66666666666667,68.14285714285714,62.625,77.0,73.33333333333333,9.0,Tactician,164240,Thiago Silva,85
60,72.5,84.66666666666667,71.71428571428571,61.75,78.16666666666667,79.66666666666667,8.6,,184432,Azpilicueta,83
61,83.0,33.333333333333336,79.14285714285714,76.25,63.833333333333336,73.0,10.0,,226110,Nicolas Pépé,81
62,76.0,79.33333333333333,74.85714285714286,64.375,76.16666666666667,77.33333333333333,10.0,,224081,Kalvin Phillips,81
63,84.0,69.0,73.85714285714286,73.375,78.83333333333333,82.0,11.2,,226226,Giovani Lo Celso,81
64,81.5,45.333333333333336,75.28571428571429,68.5,68.0,74.33333333333333,8.0,,234742,Harvey Barnes,81
65,78.5,77.0,78.71428571428571,64.0,72.0,78.66666666666667,10.2,Crosser,238074,Reece James,81
66,80.5,75.33333333333333,78.57142857142857,61.375,77.0,80.33333333333333,10.0,,239231,Cucurella,81
67,79.5,78.33333333333333,75.14285714285714,57.375,75.5,76.66666666666667,10.2,,245279,Reguilón,81
68,18.5,14.333333333333334,59.42857142857143,22.125,43.166666666666664,35.0,81.0,,193105,Alphonse Areola,82
69,82.5,38.666666666666664,75.71428571428571,78.625,72.33333333333333,72.33333333333333,7.4,,193301,Alexandre Lacazette,82
70,88.5,32.0,79.14285714285714,66.625,68.66666666666667,72.33333333333333,12.2,Dribbler,198717,Wilfried Chanza,82
71,81.0,77.33333333333333,75.0,74.75,79.5,78.33333333333333,10.2,,208421,Saúl,82
72,21.0,17.0,51.714285714285715,22.0,36.5,24.333333333333332,80.8,,211515,Pierluigi Gollini,82
73,78.5,77.0,77.28571428571429,76.25,77.66666666666667,83.0,11.6,Crosser,212462,Alex Telles,82
74,85.0,55.333333333333336,71.14285714285714,73.25,73.16666666666667,82.33333333333333,13.0,,220697,James Maddison,82
75,18.0,13.0,50.42857142857143,20.75,44.0,22.0,80.0,,164835,Łukasz Fabiański,82
76,85.0,55.0,71.85714285714286,72.25,73.33333333333333,82.66666666666667,12.4,,222665,Martin Ødegaard,82
77,79.0,74.33333333333333,67.42857142857143,77.0,79.33333333333333,83.66666666666667,11.2,Playmaker,224293,Rúben Neves,82
78,85.0,52.0,81.42857142857143,74.5,78.0,72.33333333333333,10.8,Acrobat,224458,Diogo Jota,82
79,70.0,83.0,73.42857142857143,35.875,72.0,70.66666666666667,9.8,,225100,Joe Gomez,82
80,86.5,39.0,80.28571428571429,64.375,65.83333333333333,70.0,12.6,Dribbler,227796,Christian Pulisic,82
81,84.0,29.333333333333332,81.28571428571429,74.5,65.33333333333333,71.0,12.0,Speedster/Dribbler/Acrobat,229906,Leon Bailey,82
82,84.5,50.333333333333336,80.57142857142857,75.875,75.0,71.0,10.2,,231943,Richarlison,82
83,79.5,79.66666666666667,76.71428571428571,57.875,75.33333333333333,78.0,9.6,Engine,229984,Ben Chilwell,82
84,78.5,84.0,70.0,70.75,79.0,77.33333333333333,9.6,,135507,Fernandinho,83
85,59.0,83.33333333333333,77.71428571428571,49.125,68.33333333333333,52.333333333333336,9.4,,232488,Cristian Romero,82
86,84.5,45.666666666666664,81.42857142857143,72.125,74.83333333333333,74.66666666666667,10.0,Speedster/Dribbler/Acrobat,233419,Raphinha,82
87,88.0,69.66666666666667,74.28571428571429,67.625,78.66666666666667,80.33333333333333,9.2,Dribbler,235569,Tanguy Ndombele,82
88,75.5,80.66666666666667,73.85714285714286,68.0,77.5,75.33333333333333,8.6,Engine,236792,Tomáš Souček,82
89,82.5,29.0,77.28571428571429,72.5,68.33333333333333,78.33333333333333,11.8,,241461,Ferran Torres,82
90,78.0,30.666666666666668,79.42857142857143,72.875,69.66666666666667,61.333333333333336,10.0,,221479,Dominic Calvert-Lewin,81
91,66.5,81.33333333333333,65.71428571428571,51.5,65.83333333333333,68.66666666666667,11.2,,207599,Michael Keane,80
92,83.5,63.0,71.85714285714286,75.875,76.5,78.0,8.2,,211117,Dele Alli,80
93,76.5,80.0,73.42857142857143,55.375,74.66666666666667,72.66666666666667,9.0,,210455,Jonny,80
94,61.0,83.0,61.857142857142854,41.875,68.83333333333333,63.666666666666664,13.4,,169588,Jonny Evans,80
95,62.0,81.66666666666667,62.857142857142854,47.125,68.5,63.333333333333336,4.2,,183855,Angelo Ogbonna,80
96,20.0,18.333333333333332,55.0,24.75,42.0,35.333333333333336,79.2,,189690,Guaita,80
97,69.5,83.0,66.57142857142857,38.375,67.33333333333333,66.33333333333333,8.8,,213661,Andreas Christensen,80
98,85.5,64.66666666666667,72.0,66.0,78.16666666666667,73.33333333333333,11.8,Acrobat,220971,Naby Keïta,80
99,73.5,80.33333333333333,68.28571428571429,57.125,75.66666666666667,73.66666666666667,10.4,,221660,Victor Lindelöf,80
100,83.0,35.333333333333336,79.42857142857143,73.375,65.5,73.33333333333333,12.8,,225953,Steven Bergwijn,80
101,22.5,14.333333333333334,53.285714285714285,16.375,37.0,32.0,79.2,,233306,Dean Henderson,80
102,77.5,76.66666666666667,80.28571428571429,58.0,76.16666666666667,75.66666666666667,12.4,Engine,226491,Kieran Tierney,80
103,81.0,77.66666666666667,73.28571428571429,69.125,77.0,80.66666666666667,12.2,,227813,Oleksandr Tizian,80
104,80.0,77.0,80.28571428571429,51.625,74.83333333333333,72.0,12.8,,227928,Nélson Semedo,80
105,68.0,80.66666666666667,71.28571428571429,50.125,69.66666666666667,62.0,6.8,,232119,Çağlar Söyüncü,80
106,74.5,79.0,79.71428571428571,59.0,75.0,76.33333333333333,11.2,Engine,244470,Vladimír Coufal,80
107,82.0,67.0,74.71428571428571,64.875,73.33333333333333,73.66666666666667,10.0,,246669,Bukayo Saka,80
108,88.0,45.666666666666664,60.714285714285715,83.625,74.83333333333333,86.0,12.8,Dribbler/Distance Shooter/Crosser/FK Specialist,198710,James Rodríguez,81
109,85.0,39.333333333333336,84.71428571428571,73.75,72.66666666666667,69.33333333333333,10.8,Speedster/Dribbler/Acrobat,200949,Lucas Moura,81
110,77.0,77.0,71.14285714285714,70.25,77.83333333333333,75.66666666666667,8.4,,237238,Scott McTominay,80
111,82.5,48.666666666666664,76.42857142857143,72.75,68.0,76.33333333333333,11.6,,241095,Nikola Vlašić,80
112,79.5,39.0,76.28571428571429,78.625,73.66666666666667,67.33333333333333,11.4,Clinical Finisher,195859,Danny Ings,81
113,66.0,81.33333333333333,65.71428571428571,52.875,72.0,68.66666666666667,10.0,,202695,James Tarkowski,81
114,57.0,80.33333333333333,69.0,58.5,70.0,63.0,11.8,Strength,204311,Kurt Zouma,81
115,79.0,67.66666666666667,70.14285714285714,75.375,73.16666666666667,86.0,12.8,Crosser/FK Specialist,205569,James Ward-Prowse,81
116,79.5,74.66666666666667,79.28571428571429,67.0,79.66666666666667,77.33333333333333,12.8,Engine/Acrobat,209297,Fred,81
117,87.0,30.0,78.57142857142857,75.5,66.83333333333333,70.33333333333333,10.2,Dribbler,211300,Anthony Martial,81
118,27.0,16.0,53.0,19.75,42.333333333333336,35.0,79.6,,220407,Martin Dúbravka,81
119,80.5,71.0,72.71428571428571,74.0,78.83333333333333,75.33333333333333,10.2,,221363,Donny van de Beek,81
120,80.5,69.66666666666667,65.85714285714286,75.25,76.5,84.66666666666667,13.8,,162347,João Moutinho,80
121,80.5,57.666666666666664,63.0,78.375,71.66666666666667,81.66666666666667,11.6,,184484,Gylfi Sigurðsson,79
122,61.0,80.33333333333333,69.71428571428571,45.125,69.5,60.0,11.6,,189682,Ben Mee,79
123,77.5,53.333333333333336,82.57142857142857,72.625,72.5,74.0,11.4,,190717,Michail Antonio,79
124,77.0,78.33333333333333,52.142857142857146,69.0,75.0,78.0,11.4,,191202,Nemanja Matić,79
125,73.0,32.666666666666664,69.0,76.125,69.16666666666667,54.0,13.8,Strength,192123,Chris Wood,79
126,80.5,75.0,66.57142857142857,77.75,74.33333333333333,78.66666666666667,10.0,FK Specialist,192638,Marcos Alonso,79
127,76.5,78.33333333333333,73.42857142857143,64.875,71.33333333333333,76.33333333333333,10.2,,189615,Aaron Cresswell,79
128,80.0,43.0,78.14285714285714,77.0,69.16666666666667,72.66666666666667,9.2,,198329,Rodrigo,79
129,78.5,34.333333333333336,76.0,70.875,70.83333333333333,65.0,9.8,,196978,Callum Wilson,79
130,66.5,79.0,66.28571428571429,43.25,69.16666666666667,66.66666666666667,9.8,Aerial Threat/Strength,202750,Willy Boly,79
131,83.0,69.33333333333333,78.28571428571429,66.5,77.16666666666667,77.66666666666667,9.8,,198784,Alex Oxlade-Chamberlain,79
132,73.0,69.0,58.0,67.875,73.66666666666667,79.66666666666667,9.2,,199503,Granit Xhaka,79
133,70.5,78.66666666666667,61.42857142857143,61.875,71.5,77.66666666666667,10.6,,202048,Conor Coady,79
134,68.5,79.33333333333333,58.714285714285715,69.625,72.33333333333333,70.0,10.6,Strength,202335,Eric Dier,79
135,76.5,79.66666666666667,70.71428571428571,57.875,72.33333333333333,76.66666666666667,9.0,,205923,Ben Davies,79
136,18.0,16.0,52.57142857142857,19.375,34.333333333333336,22.666666666666668,75.6,,212442,José Sá,79
137,87.0,23.0,81.85714285714286,64.5,58.333333333333336,69.33333333333333,9.0,Speedster/Dribbler/Acrobat,216388,Allan Saint-Maximin,79
138,80.0,56.333333333333336,74.85714285714286,74.75,74.66666666666667,72.33333333333333,10.8,,207494,Jesse Lingard,79
139,21.5,17.666666666666668,43.714285714285715,24.125,40.333333333333336,42.666666666666664,79.4,,206585,Kepa,79
140,61.5,79.66666666666667,56.142857142857146,52.125,68.33333333333333,62.666666666666664,10.2,Aerial Threat/Strength,220523,Y.Niakate Mina,79
141,81.0,71.0,68.42857142857143,68.25,74.83333333333333,78.66666666666667,10.8,,226456,Pablo Fornals,79
142,59.0,79.66666666666667,63.57142857142857,42.0,69.16666666666667,61.333333333333336,10.0,Strength,232580,Gabriel,79
143,82.0,65.33333333333333,70.0,68.875,75.5,79.0,10.0,,226162,Emiliano Buendía,79
144,78.5,77.0,73.57142857142857,63.25,76.83333333333333,74.33333333333333,13.6,Engine,208135,Abdoulaye Doucouré,79
145,66.0,80.33333333333333,70.14285714285714,44.75,66.5,58.666666666666664,9.4,,220793,Davinson Sánchez,79
146,77.5,74.66666666666667,73.14285714285714,50.0,73.0,74.66666666666667,12.6,,222501,Timothy Castagne,79
147,66.0,79.0,70.85714285714286,48.875,70.33333333333333,59.666666666666664,11.0,,225508,Eric Bailly,79
148,79.0,77.33333333333333,74.71428571428571,68.0,75.5,74.0,9.6,,236480,L. Olivas Bissouma,79
149,75.5,75.66666666666667,77.57142857142857,59.75,71.66666666666667,73.0,11.2,,247204,Emerson,79
150,78.5,78.33333333333333,65.85714285714286,75.0,80.0,82.33333333333333,9.0,,138412,James Milner,79
151,81.5,55.0,66.85714285714286,70.375,72.83333333333333,76.33333333333333,10.2,,199189,Ross Barkley,78
152,82.0,30.0,60.142857142857146,73.375,68.5,79.66666666666667,9.2,,178088,Juan Mata,78
153,76.5,79.66666666666667,69.57142857142857,63.0,76.33333333333333,74.33333333333333,10.0,,180216,Séamus Coleman,78
154,77.0,75.0,73.28571428571429,64.5,74.83333333333333,74.66666666666667,10.2,Strength,183394,Moussa Sissoko,78
155,70.5,77.33333333333333,70.28571428571429,58.375,74.5,62.333333333333336,10.6,Engine,186801,Cheikhou Kouyaté,78
156,73.5,75.0,69.85714285714286,67.375,76.0,80.33333333333333,10.2,,189280,Ashley Westwood,78
157,66.5,80.0,59.714285714285715,53.125,70.0,62.333333333333336,12.6,,199576,Oriol Romeu,78
158,70.5,80.33333333333333,76.0,58.625,70.33333333333333,71.0,10.0,,208920,Nathan Aké,78
159,76.5,75.33333333333333,72.28571428571429,59.625,74.16666666666667,75.66666666666667,11.0,,201417,Matt Doherty,78
160,67.5,79.0,56.142857142857146,54.75,67.5,60.666666666666664,11.6,,199915,Lewis Dunk,78
161,51.5,77.33333333333333,49.42857142857143,53.625,69.33333333333333,64.33333333333333,12.6,Aerial Threat/Strength,202849,Jannik Vestergaard,78
162,71.0,78.33333333333333,66.57142857142857,57.25,73.33333333333333,70.0,10.0,,208295,Romain Saïss,78
163,79.0,71.0,76.71428571428571,67.375,74.0,75.66666666666667,11.2,Engine,210881,John McGinn,78
164,80.5,54.666666666666664,74.85714285714286,72.375,73.33333333333333,69.33333333333333,11.4,,215590,Ayoze Pérez,78
165,67.5,78.0,67.28571428571429,48.25,70.66666666666667,72.66666666666667,10.4,Aerial Threat,212419,Tyrone Mings,78
166,87.5,36.666666666666664,87.0,57.125,63.5,67.66666666666667,10.4,Speedster/Dribbler,213956,Adama Traoré,78
167,75.5,40.666666666666664,82.28571428571429,68.75,62.333333333333336,65.33333333333333,11.6,Engine,221697,Ollie Watkins,78
168,78.5,35.666666666666664,70.71428571428571,74.125,66.16666666666667,68.33333333333333,9.6,,225719,Kelechi Iheanacho,78
169,74.0,32.333333333333336,73.71428571428571,72.0,69.5,64.66666666666667,9.8,Engine,206534,Patrick Bamford,78
170,84.0,33.666666666666664,76.42857142857143,58.625,66.16666666666667,70.33333333333333,11.6,Speedster/Dribbler/Acrobat,226766,Daniel Podence,78
171,71.5,75.0,76.85714285714286,55.875,69.16666666666667,70.0,13.0,Engine,227174,Matty Cash,78
172,71.5,78.66666666666667,73.57142857142857,43.75,69.66666666666667,65.66666666666667,11.0,,227678,Ezri Konsa,78
173,78.5,43.0,77.42857142857143,63.875,65.33333333333333,70.33333333333333,9.2,,232080,Jack Harrison,78
174,79.0,41.666666666666664,73.85714285714286,69.5,65.83333333333333,72.0,10.6,,224371,Jarrod Bowen,78
175,80.5,20.666666666666668,76.0,68.25,60.833333333333336,65.33333333333333,9.8,Speedster,235353,Ismaïla Sarr,78
176,68.0,80.0,67.71428571428571,38.75,64.66666666666667,60.666666666666664,9.8,,237678,Ibrahima Konaté,78
177,81.5,24.0,75.0,64.875,63.666666666666664,67.0,8.8,,238616,Pedro Neto,78
178,64.0,79.0,71.0,44.125,66.0,58.0,11.0,,248695,Wesley Fofana,78
179,79.5,35.666666666666664,76.28571428571429,72.25,66.33333333333333,72.33333333333333,6.8,,246147,Mason Greenwood,78
180,19.5,17.0,49.714285714285715,23.5,38.333333333333336,27.666666666666668,76.8,,163155,Ben Foster,78
181,75.5,74.66666666666667,74.0,40.0,69.83333333333333,71.0,9.4,,227927,Kyle Walker-Peters,77
182,66.0,79.66666666666667,65.0,38.125,67.0,62.666666666666664,12.4,,228295,Rob Holding,77
183,81.5,33.333333333333336,70.28571428571429,67.75,65.16666666666667,71.0,10.6,,220621,Saïd Benrahma,77
184,65.0,77.0,77.57142857142857,46.5,66.5,64.0,10.0,,225793,Ben Godfrey,77
185,79.0,72.0,67.85714285714286,58.75,75.16666666666667,75.66666666666667,11.2,,222400,Harry Winks,77
186,60.0,77.0,63.857142857142854,49.25,66.33333333333333,64.66666666666667,11.6,,224221,Joachim Andersen,77
187,68.5,78.33333333333333,72.14285714285714,47.25,70.66666666666667,74.0,11.6,,225024,Mason Holgate,77
188,82.0,42.666666666666664,74.71428571428571,73.0,68.66666666666667,70.33333333333333,9.6,Acrobat,229167,Milot Rashica,77
189,79.5,52.666666666666664,72.14285714285714,67.875,71.0,72.0,10.6,,230977,Miguel Almirón,77
190,81.5,24.666666666666668,77.0,63.875,64.16666666666667,66.0,10.8,Acrobat,230899,Ademola Lookman,77
191,74.5,72.33333333333333,72.42857142857143,70.5,75.16666666666667,75.33333333333333,9.4,Engine,231318,Romain Perraud,77
192,73.5,75.0,73.42857142857143,52.125,68.16666666666667,70.0,9.0,,231554,James Justin,77
193,56.5,78.0,65.14285714285714,43.125,64.33333333333333,55.666666666666664,9.2,,231633,Issa Diop,77
194,74.5,44.333333333333336,78.14285714285714,64.25,66.16666666666667,69.0,9.6,Speedster,232104,Daniel James,77
195,23.0,12.333333333333334,56.0,19.875,40.833333333333336,39.333333333333336,76.0,,234777,Kesler-Hayden Steffen,77
196,66.5,74.0,71.42857142857143,43.5,68.0,67.33333333333333,9.4,,212602,Diego Llorente,77
197,72.0,73.33333333333333,66.57142857142857,61.625,71.5,74.33333333333333,11.0,,213051,Mohamed Elneny,77
198,81.5,36.666666666666664,71.28571428571429,57.625,64.33333333333333,71.33333333333333,11.6,,213655,Alex Iwobi,77
199,75.0,76.0,70.57142857142857,59.875,74.0,73.66666666666667,11.2,,214947,Jean-Philippe Gbamin,77
200,73.0,73.66666666666667,69.14285714285714,54.875,67.16666666666667,73.33333333333333,11.6,,218659,Matt Targett,77
201,81.0,44.333333333333336,75.28571428571429,65.0,66.83333333333333,71.66666666666667,11.0,,235794,Eberechi Eze,77
202,76.5,74.33333333333333,69.57142857142857,63.625,71.66666666666667,74.66666666666667,9.6,,236499,Douglas Luiz,77
203,64.5,78.0,67.0,41.125,69.33333333333333,61.666666666666664,8.8,,236532,Robin Koch,77
204,73.0,73.33333333333333,73.14285714285714,58.25,73.0,73.0,9.8,,241184,Junior Firpo,77
205,81.5,40.0,73.71428571428571,64.125,60.666666666666664,73.66666666666667,11.6,,240740,Callum Hudson-Odoi,77
206,75.0,19.333333333333332,83.85714285714286,68.0,59.833333333333336,60.0,7.8,Speedster,241202,Patson Daka,77
207,27.5,19.333333333333332,39.142857142857146,17.5,42.5,31.666666666666668,76.4,,242656,Illan Meslier,77
208,80.5,51.666666666666664,72.71428571428571,67.125,67.16666666666667,76.66666666666667,12.0,,243282,Dwight McNeil,77
209,77.5,72.66666666666667,70.71428571428571,70.0,75.33333333333333,73.66666666666667,14.4,,152908,Ashley Güclü,78
210,74.5,77.0,67.28571428571429,72.0,75.5,78.0,11.2,,212501,Leander Dendoncker,77
211,75.0,71.33333333333333,74.42857142857143,63.75,74.66666666666667,72.0,9.4,,220659,Josh Brownhill,76
212,75.0,70.33333333333333,77.28571428571429,59.625,72.16666666666667,73.33333333333333,9.8,,222404,Mathias Normann,76
213,74.0,28.0,83.42857142857143,71.0,69.33333333333333,63.333333333333336,11.0,Speedster,221841,Adam Armstrong,76
214,76.5,73.0,76.71428571428571,66.875,74.83333333333333,72.0,10.0,,223154,Ozan Tufan,76
215,74.0,37.0,78.71428571428571,70.125,65.66666666666667,59.333333333333336,13.0,,226093,Ché Adams,76
216,26.0,15.333333333333334,47.285714285714285,19.125,37.333333333333336,36.0,74.2,,228789,Robert Sanchéz,76
217,78.0,67.0,70.14285714285714,69.5,72.83333333333333,77.0,10.2,,230020,Pierre Lees-Melou,76
218,69.0,77.66666666666667,69.28571428571429,30.75,66.5,65.33333333333333,8.4,,231936,Ben White,76
219,76.5,71.33333333333333,77.28571428571429,58.5,72.66666666666667,71.33333333333333,8.0,,234574,Diogo Dalot,76
220,69.5,74.33333333333333,71.14285714285714,40.25,64.66666666666667,56.0,8.8,,239890,Ozan Kabak,76
221,79.5,32.666666666666664,67.57142857142857,59.125,62.333333333333336,72.0,10.2,,240273,Emile Smith Rowe,76
222,82.0,33.666666666666664,74.0,69.25,66.16666666666667,68.0,8.4,,244778,Trincão,76
223,55.5,76.33333333333333,66.0,42.0,56.333333333333336,56.0,8.2,Strength,244915,Mohammed Salisu,76
224,80.0,25.333333333333332,64.71428571428571,60.0,59.833333333333336,73.33333333333333,9.8,,246785,Bryan Gil,76
225,77.5,42.333333333333336,75.42857142857143,64.25,67.5,64.0,7.0,,251566,Gabriel Martinelli,76
226,19.0,15.0,48.42857142857143,22.875,39.833333333333336,24.666666666666668,75.8,,170597,Tim Krul,77
227,80.0,36.666666666666664,70.14285714285714,72.75,68.33333333333333,74.33333333333333,11.8,,194932,Andros Townsend,77
228,81.0,29.333333333333332,67.71428571428571,69.875,62.166666666666664,76.66666666666667,10.2,,188988,Manuel Lanzini,77
229,71.0,25.0,74.57142857142857,73.5,67.16666666666667,61.666666666666664,10.4,Strength,189250,Salomón Rondón,77
230,76.0,77.33333333333333,71.71428571428571,73.0,77.66666666666667,73.33333333333333,10.8,Strength,190875,Juraj Kucka,77
231,57.5,78.0,62.714285714285715,47.75,68.0,64.33333333333333,6.8,,194806,Craig Dawson,77
232,80.0,71.66666666666667,75.71428571428571,61.75,69.83333333333333,74.0,7.8,,212491,Arthur Masuaku,77
233,76.5,63.333333333333336,72.71428571428571,72.375,72.66666666666667,74.33333333333333,11.8,,202282,Stuart Armstrong,77
234,55.5,77.0,66.0,36.875,61.333333333333336,56.333333333333336,11.4,,203487,Jamaal Lascelles,77
235,69.0,79.0,69.57142857142857,47.375,71.0,72.33333333333333,8.6,,208004,Joël Veltman,77
236,79.0,68.0,62.142857142857146,68.75,76.0,75.33333333333333,9.8,,211575,André Gomes,77
237,73.0,39.333333333333336,73.14285714285714,72.0,67.5,64.66666666666667,10.4,,211784,Neal Maupay,77
238,78.0,26.333333333333332,78.71428571428571,74.0,61.0,74.0,9.4,Acrobat,207421,Leandro Trossard,77
239,84.0,39.0,73.14285714285714,71.875,67.33333333333333,71.66666666666667,10.0,,207948,Bertrand Traoré,77
240,54.5,76.0,63.857142857142854,30.625,62.666666666666664,54.666666666666664,11.2,,220570,Jan Bednarek,76
241,78.5,63.666666666666664,60.285714285714285,62.875,70.33333333333333,72.33333333333333,7.8,,242794,Imran Louza,75
242,22.5,14.666666666666666,56.57142857142857,20.0,41.0,28.666666666666668,75.2,,163264,Tom Heaton,76
243,76.0,71.0,77.28571428571429,67.5,74.16666666666667,71.0,11.2,Engine,243231,Enock Mwepu,75
244,78.0,37.333333333333336,71.57142857142857,69.875,65.16666666666667,68.0,9.0,,164859,Theo Walcott,76
245,72.5,72.0,72.42857142857143,53.25,71.16666666666667,67.0,9.6,,243414,Brandon Williams,75
246,74.5,70.66666666666667,78.0,66.125,72.33333333333333,71.66666666666667,11.4,,247028,Alex Král,75
247,71.0,74.0,63.57142857142857,63.875,71.5,73.66666666666667,10.4,,169706,Jack Cork,76
248,77.0,62.666666666666664,69.57142857142857,67.125,70.16666666666667,76.66666666666667,12.2,,183130,Marc Albrighton,76
249,73.0,77.66666666666667,70.85714285714286,51.25,69.16666666666667,67.66666666666667,9.6,,186156,Luke Ayling,76
250,75.0,25.0,73.57142857142857,65.625,69.83333333333333,54.666666666666664,9.0,,190362,Teemu Pukki,76
251,76.5,58.333333333333336,65.28571428571429,72.0,73.0,80.33333333333333,13.0,,190765,Pascal Groß,76
252,22.5,13.333333333333334,59.285714285714285,19.625,35.833333333333336,26.0,74.2,,193331,Karl Darlow,76
253,76.0,73.66666666666667,71.57142857142857,57.875,70.66666666666667,73.33333333333333,12.8,,169705,Ryan Bertrand,76
254,80.5,34.0,58.714285714285715,77.875,72.66666666666667,76.33333333333333,7.8,,194794,Andriy Campi,76
255,80.5,29.666666666666668,71.28571428571429,63.375,59.5,68.33333333333333,11.6,,198719,Nathan Redmond,76
256,75.5,72.66666666666667,73.0,63.125,71.0,71.33333333333333,12.0,,201118,Cédric,76
257,73.0,76.0,71.28571428571429,57.5,71.0,72.33333333333333,10.8,,204760,Charlie Taylor,76
258,72.5,72.33333333333333,76.14285714285714,53.125,67.0,68.33333333333333,11.0,Speedster,205346,Ryan Fredericks,76
259,72.5,76.0,65.0,53.5,74.5,62.0,10.4,,206115,Isaac Hayden,76
260,69.0,73.0,62.0,73.25,74.0,75.66666666666667,11.2,,206304,Luka Milivojević,76
261,72.5,76.33333333333333,70.14285714285714,62.75,72.5,75.0,8.6,,199633,Matthew Lowton,76
262,52.0,75.33333333333333,60.142857142857146,41.125,62.0,56.0,10.4,Strength,206654,Pablo Marí,76
263,78.5,70.0,64.71428571428571,61.625,74.33333333333333,77.33333333333333,11.0,,206516,Will Hughes,76
264,78.0,27.666666666666668,68.28571428571429,75.625,64.16666666666667,67.0,10.8,,216433,Anwar El Ghazi,76
265,76.0,71.0,74.71428571428571,71.375,74.83333333333333,76.33333333333333,11.2,,210896,Morgan Sanson,76
266,68.5,76.0,66.71428571428571,69.875,71.83333333333333,70.0,10.6,,210047,Fabian Schär,76
267,70.5,42.666666666666664,80.14285714285714,71.125,70.83333333333333,57.333333333333336,9.4,,212228,Ivan Toney,76
268,76.5,19.333333333333332,73.57142857142857,66.125,66.0,67.0,14.0,,213135,Divock Origi,76
269,70.0,76.33333333333333,68.42857142857143,55.5,66.83333333333333,69.66666666666667,12.4,,212883,Daniel Amartey,76
270,69.0,73.0,65.71428571428571,46.375,67.66666666666667,68.0,8.2,,241042,Oliver Skipp,75
271,76.0,46.666666666666664,74.0,65.875,67.5,68.66666666666667,12.2,,207807,Ryan Fraser,75
272,79.5,59.0,67.14285714285714,60.5,72.0,73.66666666666667,11.6,,213666,Ruben Loftus-Cheek,75
273,73.5,66.66666666666667,81.71428571428571,70.25,70.0,69.33333333333333,11.6,Engine,215798,Maxwel Cornet,75
274,60.5,73.33333333333333,66.0,44.875,61.166666666666664,64.0,13.8,,210635,Kortney Hause,75
275,80.5,39.333333333333336,72.28571428571429,61.0,55.333333333333336,64.66666666666667,10.2,,220633,Demarai Gray,75
276,72.5,76.33333333333333,69.14285714285714,57.0,72.16666666666667,74.0,11.0,,207707,Marçal,75
277,73.0,72.33333333333333,71.85714285714286,59.0,73.0,68.33333333333333,11.2,Strength,207993,Sead Kolašinac,75
278,73.0,75.33333333333333,64.71428571428571,54.0,66.0,64.0,9.8,Strength,224258,Kristoffer Ajer,75
279,67.0,69.33333333333333,74.71428571428571,46.125,65.16666666666667,67.33333333333333,10.2,,225147,Connor Roberts,75
280,77.0,73.33333333333333,74.0,57.375,73.0,70.66666666666667,10.8,,225782,Ainsley Maitland-Niles,75
281,71.0,73.33333333333333,64.28571428571429,60.125,69.83333333333333,74.0,12.2,,221269,Jaïro Riedewald,75
282,77.5,25.0,79.42857142857143,67.0,63.666666666666664,69.33333333333333,10.8,Acrobat,226380,Hwang Hee Chan,75
283,79.0,36.333333333333336,73.42857142857143,66.125,56.666666666666664,73.0,10.0,,226078,Trezeguet,75
284,71.5,71.0,77.14285714285714,58.625,69.33333333333333,71.0,10.2,,232223,Konstantinos Tsimikas,75
285,76.5,70.0,66.42857142857143,59.625,74.66666666666667,73.0,11.2,,230005,Tom Davies,75
286,69.5,77.0,71.85714285714286,40.0,62.833333333333336,66.33333333333333,9.0,,232938,Takehiro Tomiyasu,75
287,79.5,29.333333333333332,77.14285714285714,69.125,66.66666666666667,66.66666666666667,11.6,,226627,Takumi Minamino,75
288,79.0,39.333333333333336,80.42857142857143,72.875,65.0,61.666666666666664,10.0,,233866,Odsonne Edouard,75
289,69.5,76.33333333333333,75.57142857142857,47.5,68.66666666666667,63.666666666666664,11.4,,222994,Marvelous Nakamba,75
290,78.5,38.666666666666664,65.0,63.25,62.833333333333336,70.0,12.6,,225748,Todd Cantwell,75
291,76.5,22.0,78.0,65.125,63.0,65.33333333333333,10.0,,234824,Ahmet Ildız Wissa,75
292,23.0,16.333333333333332,51.285714285714285,21.375,39.666666666666664,26.333333333333332,74.2,,233934,Aaron Ramsdale,75
293,77.5,58.666666666666664,70.85714285714286,64.625,71.0,68.33333333333333,9.2,,237329,Joe Willock,75
294,76.0,67.33333333333333,75.71428571428571,57.875,72.5,70.66666666666667,7.8,,235883,Ryan Sessegnon,75
295,73.5,27.333333333333332,68.0,65.375,61.833333333333336,48.333333333333336,9.4,Strength,236461,Jean-Philippe Mateta,75
296,72.5,42.333333333333336,75.85714285714286,69.125,63.833333333333336,63.333333333333336,9.2,,237034,Juan Camilo Hernández,75
297,71.0,73.0,82.85714285714286,54.25,72.83333333333333,65.33333333333333,10.2,Engine,239529,Frank Onyeka,75
298,75.5,56.666666666666664,68.42857142857143,74.125,64.66666666666667,76.66666666666667,11.2,,239837,Alexis Mac Allister,75
299,75.0,71.66666666666667,75.28571428571429,40.75,68.5,66.66666666666667,9.2,,240060,Max Aarons,75
300,69.0,74.66666666666667,68.28571428571429,34.75,62.166666666666664,64.33333333333333,10.2,,207616,Adam Webster,75
301,26.5,12.0,46.42857142857143,19.5,41.833333333333336,21.666666666666668,72.6,,172203,Fraser Forster,75
302,80.5,61.666666666666664,64.0,69.75,73.5,76.66666666666667,10.8,,180819,Adam Lallana,75
303,20.0,13.666666666666666,47.714285714285715,22.75,39.333333333333336,24.0,74.6,,172723,Asmir Begović,75
304,50.5,77.33333333333333,47.142857142857146,38.875,65.83333333333333,57.666666666666664,9.6,,173546,James Tomkins,75
305,54.5,77.33333333333333,60.0,54.375,65.66666666666667,53.333333333333336,11.8,,183129,Ciaran Clark,75
306,74.0,73.66666666666667,69.42857142857143,64.875,73.83333333333333,74.33333333333333,10.0,,183427,Fabian Delph,75
307,70.5,23.666666666666668,63.42857142857143,73.0,63.666666666666664,58.333333333333336,8.8,Strength,184111,Christian Benteke,75
308,76.5,33.0,72.85714285714286,71.5,67.0,66.33333333333333,10.2,,185422,Joshua King,75
309,75.0,60.333333333333336,59.714285714285715,71.75,73.16666666666667,78.66666666666667,12.8,,189165,Jonjo Shelvey,75
310,73.5,72.0,73.85714285714286,58.125,69.16666666666667,71.0,12.8,,189860,Kiko Femenía,75
311,17.0,12.666666666666666,51.142857142857146,22.375,42.5,26.333333333333332,72.8,,189324,Alex McCarthy,75
312,57.5,76.0,64.0,39.25,63.5,60.333333333333336,11.2,,189456,Liam Cooper,75
313,75.5,75.33333333333333,67.14285714285714,57.0,72.83333333333333,72.33333333333333,11.2,,190456,Nathaniel Clyne,75
314,62.5,76.33333333333333,66.28571428571429,48.875,62.166666666666664,56.333333333333336,12.2,,190324,Christian Kabasele,75
315,73.0,42.666666666666664,68.14285714285714,72.0,71.66666666666667,67.66666666666667,9.4,,186905,Ashley Barnes,75
316,75.5,59.333333333333336,69.57142857142857,73.375,71.66666666666667,76.0,9.0,,191076,Jóhann Berg Guðmundsson,75
317,74.0,59.0,71.14285714285714,67.375,71.0,73.0,12.8,,192955,Mateusz Klich,75
318,78.0,41.666666666666664,74.71428571428571,73.625,66.83333333333333,68.0,9.0,,197756,Jordan Ayew,75
319,74.5,75.0,73.0,56.625,69.5,70.0,12.4,,198861,Nampalys Mendy,75
320,61.5,75.0,53.0,43.625,63.333333333333336,67.33333333333333,10.6,Aerial Threat/Strength,198032,Dan Burn,75
321,50.5,76.66666666666667,60.0,37.375,60.666666666666664,45.666666666666664,9.8,,198904,Grant Hanley,75
322,63.5,75.33333333333333,58.42857142857143,48.375,63.666666666666664,52.666666666666664,8.2,Strength,194201,Pontus Jansson,75
323,19.5,11.0,53.857142857142854,20.375,37.333333333333336,31.0,74.8,,203775,Loris Karius,75
324,70.5,75.33333333333333,68.57142857142857,56.875,68.83333333333333,72.0,11.2,,205989,Calum Chambers,75
325,73.5,73.33333333333333,73.14285714285714,62.125,72.16666666666667,70.66666666666667,10.2,Engine,203570,Stuart Dallas,75
326,76.5,70.0,78.71428571428571,62.625,70.66666666666667,68.0,8.6,,200759,Jeffrey Schlupp,75
327,77.5,69.0,68.85714285714286,63.375,67.83333333333333,73.33333333333333,11.0,,206594,Solly March,75
328,54.5,76.33333333333333,58.0,39.75,64.83333333333333,56.0,12.6,,201988,Federico Fernández,75
329,76.5,55.333333333333336,74.42857142857143,70.875,66.33333333333333,70.66666666666667,9.4,,203362,Mohamed Elyounoussi,75
330,74.0,75.33333333333333,65.28571428571429,62.5,78.83333333333333,72.33333333333333,9.0,,171972,James McArthur,75
331,75.0,34.0,76.42857142857143,71.5,62.5,66.33333333333333,12.2,,198331,Matěj Vydra,74
332,75.5,69.66666666666667,69.42857142857143,67.0,73.66666666666667,74.33333333333333,10.0,,200478,Jeff Hendrick,74
333,68.5,75.33333333333333,62.714285714285715,49.625,63.5,61.333333333333336,11.4,,202697,Jack Stephens,74
334,67.5,77.66666666666667,68.0,46.5,66.0,67.33333333333333,12.6,,204355,Paul Dummett,74
335,21.0,15.333333333333334,47.142857142857146,19.0,37.166666666666664,28.333333333333332,72.2,,207998,Danny Ward,74
336,69.5,73.0,68.14285714285714,60.375,69.83333333333333,69.66666666666667,11.6,,210697,Christian Nørgaard,74
337,19.5,17.0,42.0,20.875,39.0,22.0,72.2,,222514,Freddie Woodman,74
338,28.5,18.333333333333332,50.857142857142854,23.625,40.166666666666664,27.333333333333332,73.2,,220901,David Raya,74
339,70.0,72.33333333333333,71.28571428571429,55.5,68.5,68.66666666666667,12.6,,224263,Jonjoe Kenny,74
340,71.0,70.0,85.0,39.625,67.16666666666667,61.333333333333336,11.0,Speedster,224494,Rico Henry,74
341,73.0,73.33333333333333,68.71428571428571,50.875,63.5,69.0,12.0,,210972,Manquillo,74
342,71.5,63.0,72.42857142857143,61.875,72.83333333333333,74.66666666666667,9.6,,229723,Mathias Jensen,74
343,74.5,38.333333333333336,73.85714285714286,63.0,68.0,59.0,11.2,,223334,Joelinton,74
344,79.0,33.333333333333336,79.0,63.125,62.5,64.66666666666667,10.8,,237560,Moussa Djenepo,74
345,73.5,18.666666666666668,74.14285714285714,63.375,58.666666666666664,51.333333333333336,9.4,,236988,Eddie Nketiah,74
346,68.0,73.66666666666667,73.57142857142857,44.625,68.83333333333333,65.66666666666667,8.6,,231485,Axel Tuanzebe,74
347,64.0,74.66666666666667,72.0,54.375,68.5,70.0,9.8,,235454,Malang Sarr,74
348,69.5,71.66666666666667,73.57142857142857,51.0,65.83333333333333,68.33333333333333,10.6,,236457,Dimitris Giannoulis,74
349,69.0,73.33333333333333,73.71428571428571,43.125,68.0,62.666666666666664,10.6,,236600,Japhet Tanganga,74
350,74.5,58.0,67.28571428571429,60.0,70.5,70.33333333333333,9.2,,238216,Conor Gallagher,74
351,71.0,73.33333333333333,63.142857142857146,47.25,66.16666666666667,70.33333333333333,10.8,,225410,Adam Masina,74
352,60.5,74.0,69.71428571428571,43.125,64.5,57.333333333333336,8.2,,238717,Ethan Pinnock,74
353,75.0,36.666666666666664,81.71428571428571,64.75,58.0,63.0,11.0,,239015,Emmanuel Dennis,74
354,64.5,74.33333333333333,62.142857142857146,43.625,63.333333333333336,62.333333333333336,10.8,,239360,Pascal Struijk,74
355,72.5,69.33333333333333,73.71428571428571,44.5,65.16666666666667,69.0,11.6,,242418,Tariq Lamptey,74
356,75.5,33.666666666666664,75.57142857142857,68.75,62.666666666666664,66.33333333333333,10.6,,256948,Christos Tzolis,74
357,75.0,73.33333333333333,56.857142857142854,70.375,75.16666666666667,76.0,10.8,,152879,Mark Noble,75
358,75.5,76.0,69.57142857142857,60.25,73.0,72.33333333333333,11.0,,169595,Danny Rose,75
359,23.5,14.333333333333334,47.142857142857146,21.125,33.666666666666664,26.0,73.0,,169697,Darren Randolph,75
360,55.5,75.0,55.285714285714285,51.25,64.66666666666667,64.33333333333333,10.2,,194957,Phil Jones,74
361,70.5,73.0,68.28571428571429,59.375,66.0,70.0,11.4,,207650,Emil Krafth,73
362,43.5,75.0,61.0,37.75,59.666666666666664,48.0,9.4,,213414,William Troost-Ekong,73
363,76.0,32.333333333333336,72.71428571428571,62.625,63.666666666666664,67.33333333333333,11.0,,228815,Tyler Roberts,73
364,75.0,61.666666666666664,70.71428571428571,61.125,67.0,70.33333333333333,10.2,,213750,Ken Sema,73
365,65.5,75.66666666666667,69.0,50.75,67.33333333333333,61.333333333333336,10.4,,228332,Hamza Choudhury,73
366,70.5,71.66666666666667,70.85714285714286,54.0,69.16666666666667,68.33333333333333,12.6,,208892,Sam Byram,73
367,75.0,64.0,70.28571428571429,61.875,70.0,73.33333333333333,11.2,,231445,Josh Dasilva,73
368,73.5,71.0,73.57142857142857,50.375,67.33333333333333,67.33333333333333,8.8,,231292,Jamal Lewis,73
369,50.0,73.0,61.857142857142854,38.75,57.833333333333336,51.333333333333336,8.6,,240926,Nathaniel Phillips,73
370,68.0,70.66666666666667,69.85714285714286,57.375,70.16666666666667,67.33333333333333,8.0,,235167,Vitaly Janelt,73
371,22.0,10.666666666666666,53.42857142857143,14.875,33.166666666666664,21.333333333333332,71.8,,236515,Álvaro,73
372,69.5,70.66666666666667,69.28571428571429,50.0,68.66666666666667,65.0,9.0,,239452,Ibrahima Diallo,73
373,70.5,72.33333333333333,65.71428571428571,46.0,64.83333333333333,64.66666666666667,7.0,,230918,Trevoh Chalobah,73
374,63.5,74.33333333333333,69.28571428571429,37.25,58.0,52.333333333333336,10.4,,241159,Marc Guéhi,73
375,78.5,65.66666666666667,70.0,60.375,70.16666666666667,73.0,9.8,,241928,Albert Sambi Lokonga,73
376,77.5,62.666666666666664,69.0,60.0,70.5,70.0,8.8,,242434,Curtis Jones,73
377,74.5,71.33333333333333,65.57142857142857,46.0,62.0,66.0,12.0,,242641,Rayan Aït Nouri,73
378,73.5,69.0,68.0,63.375,68.83333333333333,74.66666666666667,8.2,,246069,Lukas Rupp,73
379,75.5,51.333333333333336,70.85714285714286,61.625,65.66666666666667,73.0,9.8,Acrobat,247827,Michael Olise,73
380,77.0,27.333333333333332,67.28571428571429,55.75,57.333333333333336,71.0,9.4,,246174,Harvey Elliott,73
381,73.5,33.0,69.42857142857143,70.875,64.33333333333333,67.66666666666667,12.6,,169792,Jay Rodriguez,74
382,15.5,14.666666666666666,45.42857142857143,18.0,39.333333333333336,27.0,74.4,,170084,Wayne Hennessey,74
383,70.5,74.0,68.0,51.125,70.5,69.66666666666667,12.2,,178567,Erik Pieters,74
384,62.5,76.0,56.857142857142854,50.75,62.0,66.0,8.2,,184037,Martin Kelly,74
385,66.5,76.66666666666667,61.714285714285715,49.125,71.33333333333333,70.66666666666667,8.6,,186392,Joel Ward,74
386,76.5,67.66666666666667,69.0,69.625,74.0,75.0,12.2,,186395,Matt Ritchie,74
387,73.5,59.666666666666664,64.57142857142857,65.25,70.83333333333333,75.0,12.0,,189725,Tom Cleverley,74
388,72.5,27.333333333333332,70.14285714285714,75.625,65.5,64.33333333333333,11.8,,192991,Cenk Tosun,74
389,19.0,17.0,51.57142857142857,23.375,39.5,21.666666666666668,72.8,,194911,Adrián,74
390,72.0,19.333333333333332,72.57142857142857,69.75,58.833333333333336,58.666666666666664,9.8,,205670,Dwight Gayle,73
391,74.0,16.666666666666668,68.85714285714286,62.25,53.333333333333336,58.0,9.0,,252042,João Pedro,71
392,51.5,71.33333333333333,62.857142857142854,44.75,57.833333333333336,54.333333333333336,7.6,,243019,Tudor Băluță,71
393,67.5,66.66666666666667,71.0,46.125,65.5,66.66666666666667,10.4,,254470,Luke Thomas,71
394,56.0,70.0,63.142857142857146,47.625,62.333333333333336,54.333333333333336,9.4,Strength,244269,Filip Benković,71
395,58.5,71.0,63.42857142857143,31.875,55.5,59.333333333333336,9.4,,248484,Nathan Collins,71
396,70.5,36.333333333333336,72.42857142857143,64.75,64.16666666666667,59.666666666666664,8.2,,242075,Josh Sargent,71
397,72.5,27.333333333333332,74.0,63.875,67.0,61.666666666666664,11.0,,169216,Shane Long,72
398,52.5,74.0,52.857142857142854,42.25,62.333333333333336,56.666666666666664,9.6,,180706,Craig Cathcart,72
399,79.0,22.0,62.42857142857143,58.375,52.5,70.33333333333333,7.2,,204233,Charly Musonda,72
400,69.0,69.33333333333333,60.714285714285715,65.0,72.5,72.33333333333333,11.2,,184749,Dan Gosling,72
401,16.5,11.666666666666666,50.285714285714285,20.25,33.166666666666664,25.333333333333332,71.0,,192317,Jed Steer,72
402,53.0,72.0,63.714285714285715,40.625,65.5,58.0,12.2,,183491,Naim,72
403,50.0,70.66666666666667,54.857142857142854,46.875,62.166666666666664,52.666666666666664,11.2,,192622,Shane Duffy,72
404,74.5,61.0,70.14285714285714,63.5,64.5,67.0,11.6,,206085,Jacob Murphy,72
405,23.5,16.666666666666668,48.57142857142857,22.125,38.5,29.0,71.0,,216325,Angus Gunn,72
406,74.0,54.666666666666664,71.42857142857143,61.25,67.0,66.33333333333333,12.0,,224013,Sergi Canós,72
407,54.5,70.0,58.42857142857143,34.25,55.166666666666664,56.0,10.2,,228681,Francisco Sierralta,72
408,51.0,73.0,61.142857142857146,34.375,57.333333333333336,50.666666666666664,12.6,,200408,Ben Gibson,72
409,57.5,72.33333333333333,61.142857142857146,36.0,55.5,54.666666666666664,9.8,,229266,Joe Rodon,72
410,59.5,72.66666666666667,60.714285714285715,40.125,59.166666666666664,54.0,9.4,,230672,Lyanco,72
411,71.0,62.666666666666664,62.285714285714285,62.25,68.16666666666667,68.66666666666667,10.6,,237161,Sean Longstaff,72
412,75.0,72.33333333333333,80.71428571428571,66.5,70.16666666666667,67.66666666666667,12.4,Engine,234457,Oghenekaro Etebo,72
413,72.5,37.333333333333336,75.71428571428571,68.625,61.0,68.33333333333333,12.6,,243014,Bryan Mbeumo,72
414,73.0,68.33333333333333,65.0,54.25,69.0,70.33333333333333,10.0,,245992,Billy Gilmour,72
415,75.5,49.0,72.28571428571429,56.75,65.83333333333333,70.0,11.0,,152747,Aaron Lennon,73
416,67.5,69.66666666666667,63.57142857142857,61.5,72.33333333333333,72.0,11.4,,182184,Dale Stephens,73
417,72.0,38.0,67.57142857142857,68.5,66.0,66.33333333333333,10.6,,186146,Danny Welbeck,73
418,72.5,65.0,70.71428571428571,67.125,69.66666666666667,68.66666666666667,12.0,,201368,Kenny McLean,73
419,28.5,15.666666666666666,59.0,21.375,42.666666666666664,27.0,71.2,,203042,Jack Butland,73
420,64.0,73.0,70.0,41.75,61.833333333333336,60.0,11.4,,240947,Tyrick Mitchell,71
421,66.5,37.0,80.85714285714286,52.125,55.333333333333336,58.0,11.0,Speedster,239439,Przemysław Płacheta,69
422,69.0,48.333333333333336,64.71428571428571,69.75,64.0,67.66666666666667,9.8,,231949,Saman Ghoddos,69
423,14.5,11.666666666666666,44.285714285714285,15.25,31.166666666666668,20.666666666666668,68.0,,243675,Kjell Scherpen,69
424,71.0,62.666666666666664,76.14285714285714,41.375,67.0,70.0,11.8,,245715,Jamie Shackleton,69
425,65.5,69.33333333333333,64.57142857142857,39.25,57.0,60.0,10.2,,242752,Nathan Ferguson,69
426,65.5,69.0,68.0,32.5,54.666666666666664,56.666666666666664,12.6,,247623,Jeremy Ngakia,69
427,17.0,11.0,43.0,17.875,37.166666666666664,20.666666666666668,69.8,,163600,John Ruddy,70
428,51.5,69.0,68.42857142857143,41.5,59.0,51.0,11.4,,209840,Julian Jeanvier,70
429,74.5,63.0,70.71428571428571,49.25,67.33333333333333,68.33333333333333,6.8,,236529,Steven Alzate,70
430,23.0,14.0,47.57142857142857,18.375,36.666666666666664,27.333333333333332,69.6,,198039,Mark Gillespie,70
431,70.5,15.0,72.0,59.75,56.5,49.0,11.4,,237286,Aaron Connolly,70
432,69.0,65.0,68.28571428571429,66.25,67.83333333333333,67.33333333333333,12.4,,239778,Jakub Moder,70
433,64.0,70.0,61.57142857142857,45.75,61.666666666666664,62.333333333333336,9.6,,245336,Max Kilman,70
434,72.0,62.333333333333336,74.42857142857143,55.625,66.0,62.666666666666664,10.4,,251530,Nuno Tavares,70
435,72.5,17.666666666666668,68.42857142857143,61.625,55.333333333333336,42.333333333333336,9.2,,252037,Fábio Silva,70
436,20.5,12.0,48.42857142857143,22.5,38.5,30.0,68.0,,209532,Daniel Bachmann,70
437,71.5,63.666666666666664,69.0,69.625,67.33333333333333,71.0,9.8,,211504,Lewis Baker,70
438,65.5,68.33333333333333,71.28571428571429,54.5,65.83333333333333,61.333333333333336,10.8,,233705,Jacob Sørensen,70
439,21.5,17.0,37.0,19.375,34.0,28.0,71.6,,204246,Marcus Bettinelli,71
440,71.0,25.666666666666668,68.85714285714286,61.125,56.833333333333336,50.666666666666664,9.6,,256268,Armando Broja,70
441,73.0,31.333333333333332,68.0,69.125,63.333333333333336,62.666666666666664,9.6,,204366,Jürgen Locadia,71
442,71.5,65.0,66.0,60.5,67.33333333333333,72.33333333333333,11.6,,193910,Adam Forshaw,71
443,71.5,34.333333333333336,74.0,54.25,57.5,65.33333333333333,10.4,,216483,Tariqe Fosu,71
444,73.0,47.666666666666664,59.714285714285715,65.375,59.666666666666664,68.33333333333333,10.0,,226401,Kieran Dowell,71
445,55.5,71.33333333333333,59.714285714285715,39.25,62.5,51.0,8.8,,194146,Kevin Long,71
446,69.0,75.33333333333333,59.142857142857146,57.25,69.5,69.0,9.0,,163261,Phil Bardsley,71
447,69.0,70.33333333333333,70.28571428571429,50.625,65.83333333333333,62.333333333333336,11.6,,236316,Plamen Valery,71
448,67.0,25.333333333333332,66.71428571428571,59.125,52.666666666666664,56.0,9.8,,257470,Anthony Elanga,65
449,69.0,33.666666666666664,68.57142857142857,58.5,60.833333333333336,50.0,8.8,Strength,231743,Keinan Davis,69
450,41.5,72.33333333333333,56.285714285714285,37.0,56.333333333333336,46.333333333333336,11.0,Strength,239322,Christoph Ygor Catatau,71
451,67.0,30.0,64.0,64.375,51.833333333333336,53.333333333333336,10.4,,253407,Sam Greenwood,65
452,62.0,20.666666666666668,68.71428571428571,61.125,54.666666666666664,49.0,11.4,,251198,Ellis Simms,65
453,70.5,63.666666666666664,66.71428571428571,49.875,64.5,63.0,11.4,,240697,Shandon Baptiste,66
454,24.0,14.0,41.42857142857143,22.25,35.666666666666664,36.333333333333336,66.2,,188836,Jason Steele,66
455,71.5,56.666666666666664,63.857142857142854,61.0,61.333333333333336,61.666666666666664,8.8,,237916,Will Smallbone,66
456,69.5,23.666666666666668,68.0,58.75,53.333333333333336,56.666666666666664,9.4,,246053,Joe Gelhardt,66
457,48.0,66.0,59.42857142857143,33.0,48.833333333333336,49.666666666666664,10.4,,247649,Jarrad Branthwaite,66
458,67.5,30.333333333333332,71.71428571428571,50.5,53.0,54.333333333333336,8.2,,237328,Nathan Tella,66
459,67.0,52.0,68.71428571428571,57.25,60.666666666666664,62.333333333333336,11.4,,243393,Taylor Richards,66
460,12.5,12.666666666666666,39.142857142857146,17.625,31.166666666666668,17.0,66.6,,163201,Michael McGovern,67
461,12.0,14.0,44.285714285714285,15.375,28.5,27.0,66.2,,240913,Caoimhin Kelleher,67
462,18.5,15.0,45.714285714285715,21.625,32.833333333333336,18.666666666666668,66.4,,157804,Scott Carson,67
463,54.5,66.33333333333333,63.714285714285715,37.75,56.833333333333336,49.0,8.8,,228997,Charlie Goode,67
464,62.0,61.0,70.85714285714286,40.75,60.166666666666664,62.0,11.8,,238157,Mads Roerslev,67
465,71.0,20.0,67.57142857142857,58.25,51.5,60.333333333333336,8.8,,242908,Jack Clarke,67
466,71.0,28.333333333333332,65.71428571428571,57.625,54.666666666666664,58.333333333333336,8.0,,242964,Anthony Gordon,67
467,63.5,15.333333333333334,66.0,59.0,50.0,41.333333333333336,10.0,,244288,Adam Idah,67
468,57.5,69.0,66.57142857142857,31.0,48.333333333333336,46.333333333333336,8.0,,261647,Andrew Omobamidele,67
469,64.0,65.66666666666667,69.71428571428571,42.125,55.666666666666664,58.333333333333336,11.2,,241842,Ben Johnson,68
470,58.5,67.33333333333333,62.857142857142854,34.0,60.333333333333336,59.666666666666664,11.2,,234472,Mads Bech Sørensen,68
471,63.5,40.333333333333336,68.42857142857143,58.25,60.5,40.333333333333336,10.2,,241523,Marcus Forss,68
472,71.0,20.666666666666668,72.71428571428571,55.875,54.0,60.333333333333336,7.4,,259406,Santiago Muñoz,67
473,72.0,63.0,65.42857142857143,57.375,66.16666666666667,66.33333333333333,10.6,,237386,Kiernan Dewsbury-Hall,71
474,66.5,64.66666666666667,68.71428571428571,41.0,57.5,65.66666666666667,11.4,,243057,Neco Williams,68
475,72.5,51.0,66.57142857142857,50.375,65.33333333333333,60.666666666666664,9.8,,246923,Jacob Ramsey,68
476,69.0,23.666666666666668,70.28571428571429,57.125,48.833333333333336,56.0,10.8,,251954,Crysencio Summerville,68
477,73.0,22.0,68.28571428571429,57.875,53.5,54.666666666666664,10.6,,254088,Amad Diallo,68
478,18.5,14.0,46.57142857142857,22.0,32.166666666666664,25.0,69.6,,167931,Rob Elliot,69
479,66.5,24.0,68.85714285714286,57.25,55.5,40.0,10.0,,213699,Ashley Fletcher,69
480,63.5,62.0,65.28571428571429,45.375,58.333333333333336,59.666666666666664,10.8,,246763,Ki-Jana Hoever,65
481,56.0,57.666666666666664,66.57142857142857,51.875,54.333333333333336,55.333333333333336,11.2,,238189,Tariq Uwakwe,63
482,68.0,25.0,67.57142857142857,57.625,48.0,54.0,11.0,,240803,Josh Eppiah,63
483,51.5,61.666666666666664,54.42857142857143,33.875,47.5,52.333333333333336,11.2,,254121,Charlie Cresswell,63
484,62.0,57.333333333333336,69.14285714285714,37.0,53.666666666666664,56.666666666666664,10.4,,254529,Cody Drameh,63
485,68.0,48.666666666666664,59.285714285714285,50.625,56.0,62.666666666666664,10.8,,259356,Carney Chukwuemeka,63
486,61.0,16.333333333333332,65.42857142857143,56.75,48.5,44.333333333333336,9.2,,261025,Dane Scarlett,63
487,59.0,61.666666666666664,68.71428571428571,41.75,57.833333333333336,54.333333333333336,9.6,,247764,Kyle John,63
488,64.0,56.333333333333336,67.57142857142857,49.0,58.5,65.66666666666667,8.4,,261374,Lewis Bate,63
489,16.5,12.333333333333334,42.142857142857146,18.125,42.166666666666664,28.0,63.6,,52326,Eldin Jakupović,64
490,17.5,14.333333333333334,46.142857142857146,17.25,28.833333333333332,22.666666666666668,61.6,,118794,Andy Lonergan,64
491,56.0,61.666666666666664,63.857142857142854,47.875,53.833333333333336,55.333333333333336,10.4,,223306,Jarosław Jach,64
492,63.5,58.333333333333336,73.42857142857143,49.25,58.0,60.0,8.8,,233051,Luke Bolton,64
493,23.5,12.333333333333334,44.0,16.75,31.666666666666668,25.333333333333332,63.6,,237935,Kristoffer Klaesson,64
494,57.5,58.666666666666664,67.85714285714286,40.375,52.166666666666664,55.333333333333336,9.4,,244196,Dominic Thompson,64
495,64.5,61.0,65.71428571428571,50.625,60.166666666666664,65.33333333333333,11.0,,246402,Mads Bidstrup,64
496,62.0,16.333333333333332,66.42857142857143,54.625,50.333333333333336,43.333333333333336,11.4,,247463,Folarin Balogun,64
497,67.5,47.0,66.42857142857143,54.625,54.333333333333336,60.0,10.2,,257534,Cole Palmer,64
498,57.5,61.333333333333336,68.85714285714286,41.375,58.333333333333336,56.0,9.0,,253465,Teden Mengi,64
499,44.0,63.666666666666664,68.71428571428571,31.0,48.5,36.0,8.2,,256666,G. Aguirre Mosquera,64
500,61.0,18.333333333333332,68.0,59.125,50.333333333333336,45.0,9.6,,259031,Liam Delap,64
501,64.5,41.0,66.57142857142857,58.25,54.5,62.0,10.2,,263582,Myles Peart-Harris,64
502,63.0,37.333333333333336,75.85714285714286,57.75,56.333333333333336,56.0,11.6,,259679,Jayden Braaf,64
503,23.0,13.0,49.285714285714285,19.75,37.333333333333336,26.0,64.4,,116314,David Martin,65
504,22.5,17.333333333333332,49.285714285714285,21.625,41.0,34.0,65.6,,53739,Lee Grant,65
505,24.5,14.666666666666666,48.285714285714285,21.0,29.5,28.333333333333332,64.0,,203824,Remi Matthews,65
506,62.5,40.666666666666664,72.85714285714286,53.0,57.166666666666664,60.0,12.8,,203249,Joel Valencia,65
507,16.0,14.0,47.0,17.375,34.5,25.0,63.8,,223082,Will Norris,65
508,42.5,63.0,62.42857142857143,33.875,49.5,38.666666666666664,10.0,Strength,239259,Rocky Bushiri,65
509,69.0,63.333333333333336,69.57142857142857,44.375,61.166666666666664,58.0,11.2,,243353,Bali Mumba,65
510,64.5,64.33333333333333,58.42857142857143,51.0,56.333333333333336,62.666666666666664,10.4,,215756,Sam McQueen,63
511,13.0,12.666666666666666,41.142857142857146,15.5,25.833333333333332,18.333333333333332,59.4,,246671,Arthur Okonkwo,61
512,60.5,56.666666666666664,65.42857142857143,38.75,54.833333333333336,59.333333333333336,11.0,,247349,Jack Jenkins,61
513,43.0,62.333333333333336,57.142857142857146,38.0,49.333333333333336,40.333333333333336,11.0,,257253,Bobby Thomas,61
514,66.0,42.333333333333336,57.857142857142854,56.375,52.833333333333336,55.666666666666664,7.0,,261133,Nile John,61
515,58.0,62.0,64.28571428571429,49.5,54.666666666666664,55.0,12.6,,259096,Tim Akinola,61
516,45.0,65.0,61.857142857142854,36.0,46.166666666666664,43.666666666666664,7.6,,260143,Lamare Monlouis,61
517,59.0,24.666666666666668,55.142857142857146,56.875,48.0,41.333333333333336,11.4,,260723,Robert Street,61
518,63.0,22.333333333333332,64.57142857142857,54.625,46.5,44.666666666666664,8.8,,261265,Lewis Richardson,61
519,63.5,21.666666666666668,60.42857142857143,58.0,46.166666666666664,55.333333333333336,10.6,,264035,Jesurun Rak-Sakyi,61
520,49.5,62.666666666666664,61.42857142857143,36.5,54.5,52.333333333333336,10.8,,263551,Remi Savage,61
521,17.0,17.333333333333332,41.857142857142854,21.5,30.0,22.0,60.8,,222096,Harry Lewis,62
522,68.5,47.333333333333336,63.0,52.125,58.166666666666664,60.666666666666664,7.8,,240175,Bruno Jordão,62
523,50.5,61.666666666666664,61.714285714285715,30.75,46.333333333333336,41.666666666666664,9.0,,245076,Luka Racic,62
524,66.0,35.0,62.857142857142854,51.0,49.0,63.333333333333336,9.4,,242980,Meritan Shabani,62
525,63.0,42.666666666666664,61.57142857142857,41.75,57.333333333333336,58.333333333333336,9.2,,245286,Jan Žambůrek,62
526,59.0,55.333333333333336,69.28571428571429,38.5,54.0,52.0,9.0,,246002,Luke Matheson,62
527,62.5,57.333333333333336,64.42857142857143,59.375,60.333333333333336,64.0,12.0,,245903,Harvey White,62
528,46.5,64.33333333333333,55.57142857142857,39.375,54.5,53.333333333333336,10.0,,246950,Ryan Astley,62
529,61.0,57.0,67.85714285714286,45.25,54.5,56.0,8.2,,247741,Anthony Glennon,62
530,64.5,35.666666666666664,61.714285714285715,56.25,50.166666666666664,58.666666666666664,8.0,,254243,Elliot Anderson,62
531,63.0,52.666666666666664,61.57142857142857,49.25,62.5,60.666666666666664,8.4,,258171,Hannibal Mejbri,62
532,65.0,38.0,64.14285714285714,49.375,46.5,54.333333333333336,7.8,,259403,Joel Ideho,62
533,67.0,49.666666666666664,57.142857142857146,53.625,52.166666666666664,66.33333333333333,12.4,,260141,Cătălin Cîrjan,62
534,63.5,61.0,62.57142857142857,48.125,59.0,59.666666666666664,10.4,,260144,Charlie Patino,62
535,63.0,34.333333333333336,65.0,51.625,56.0,54.333333333333336,7.2,,260910,Shola Shoretire,62
536,57.5,61.0,63.42857142857143,37.5,51.333333333333336,50.333333333333336,9.2,,261621,Luke Mbete,62
537,56.5,57.333333333333336,70.0,45.75,57.0,58.0,11.2,,262118,Tino Livramento,62
538,60.5,64.66666666666667,57.857142857142854,45.875,53.333333333333336,53.0,8.6,,263620,Romeo Lavia,62
539,66.0,29.666666666666668,61.142857142857146,50.25,46.666666666666664,55.666666666666664,10.0,,263953,Samuel Edozie,62
540,48.0,59.0,64.28571428571429,36.25,48.666666666666664,47.0,13.0,,245906,Malachi Fagan-Walcott,61
541,14.5,10.333333333333334,35.857142857142854,15.125,22.666666666666668,24.333333333333332,59.2,,258555,Dani van den Heuvel,59
542,56.0,56.0,65.28571428571429,39.5,54.666666666666664,57.0,10.4,,259766,Fin Stevens,59
543,62.5,29.666666666666668,59.285714285714285,53.375,41.5,53.333333333333336,12.0,,263522,Jeremy Sarmiento,59
544,51.5,53.333333333333336,65.57142857142857,41.5,51.166666666666664,47.333333333333336,10.2,,258805,Harrison Ashby,59
545,61.5,27.0,62.857142857142854,50.375,47.666666666666664,47.666666666666664,9.6,,260157,Maxwell Haygarth,59
546,60.0,57.333333333333336,59.0,39.375,53.0,47.333333333333336,10.2,,261224,Hugo Bueno,59
547,51.5,57.333333333333336,62.714285714285715,34.875,53.5,53.0,9.8,,261517,Matthew Bondswell,59
548,62.0,39.666666666666664,67.42857142857143,43.25,46.0,58.333333333333336,8.8,,237825,Nya Kirby,60
549,62.5,51.333333333333336,58.285714285714285,48.75,54.833333333333336,62.0,8.8,,241160,George McEachran,60
550,58.0,17.666666666666668,69.71428571428571,53.875,48.0,44.333333333333336,11.0,,243278,Ryan Cassidy,60
551,55.0,59.666666666666664,59.857142857142854,34.25,52.833333333333336,54.333333333333336,10.2,,253969,Leo Hjelde,60
552,60.5,28.666666666666668,69.85714285714286,49.75,50.166666666666664,49.333333333333336,10.2,,254807,Kwadwo Baah,60
553,61.0,57.666666666666664,60.0,53.875,58.833333333333336,60.0,11.8,,245994,Anthony Gomez Mancini,60
554,62.5,48.0,69.0,54.25,55.5,57.666666666666664,7.6,,247166,James Olayinka,60
555,13.0,10.333333333333334,45.285714285714285,14.75,28.166666666666668,22.666666666666668,59.2,,251345,Archie Mair,60
556,53.0,66.66666666666667,59.57142857142857,39.625,50.0,36.666666666666664,8.6,,257238,Charlie Wiggett,59
557,38.5,64.33333333333333,57.857142857142854,37.0,45.166666666666664,36.333333333333336,10.0,,257239,Josh Brooking,59
558,58.5,21.0,62.0,54.625,46.333333333333336,45.0,10.2,,257254,Max Thompson,60
559,52.0,56.333333333333336,67.28571428571429,41.375,50.833333333333336,52.666666666666664,11.2,,258529,Vontae Daley-Campbell,60
560,62.0,29.333333333333332,55.285714285714285,53.5,45.166666666666664,58.0,9.4,,261336,Jaden Philogene-Bidace,60
561,12.0,11.0,46.857142857142854,14.0,20.333333333333332,19.0,61.6,,258641,Oliver Bosworth,60
562,59.5,31.666666666666668,64.42857142857143,47.75,46.333333333333336,48.333333333333336,7.8,,262096,Amari Miller,60
563,64.5,43.666666666666664,63.42857142857143,52.625,51.5,58.666666666666664,11.2,,259324,Thanawat Suengchitthawon,60
564,58.5,20.666666666666668,71.28571428571429,54.75,47.833333333333336,49.666666666666664,9.0,,256610,Dillon Hoogewerf,60
565,66.0,52.666666666666664,59.857142857142854,52.125,50.5,62.666666666666664,11.4,,257247,Caleb Watts,60
566,63.5,12.333333333333334,66.0,54.625,40.5,41.666666666666664,10.6,,262641,Djibril Fandje Touré,60
567,57.0,51.333333333333336,57.42857142857143,47.25,59.333333333333336,61.0,8.6,,263168,Tyler Onyango,60
568,56.5,60.333333333333336,60.857142857142854,38.25,51.5,52.333333333333336,12.0,,264189,Maksim Paskotsi,60
569,48.0,60.333333333333336,60.57142857142857,37.0,49.833333333333336,56.0,10.4,,264561,James Norris,60
570,57.5,52.666666666666664,59.42857142857143,51.125,53.666666666666664,62.0,7.4,,255363,Henry Wise,59
571,59.0,14.0,71.71428571428571,48.0,41.0,46.0,11.2,,258748,Caleb Chukwuemeka,57
572,13.0,10.666666666666666,37.142857142857146,13.25,23.666666666666668,21.0,56.4,,259430,Marcelo Pitaluga,57
573,42.0,56.666666666666664,58.142857142857146,35.25,46.333333333333336,44.666666666666664,11.6,,261640,Jamal Baptiste,57
574,57.0,52.666666666666664,60.857142857142854,49.5,57.333333333333336,54.666666666666664,9.0,,263162,Jacob Montes,57
575,51.0,53.666666666666664,58.285714285714285,36.5,47.333333333333336,47.333333333333336,11.6,,263963,Oludare Olufunwa,57
576,56.5,16.666666666666668,61.0,52.5,43.833333333333336,44.666666666666664,7.6,,264039,Lewis Dobbin,57
577,59.0,53.0,59.57142857142857,48.0,54.5,57.0,10.6,,264180,Alfie Devine,57
578,55.5,21.333333333333332,62.714285714285715,50.375,45.833333333333336,38.333333333333336,11.8,,233368,Robert Harker,58
579,53.5,52.666666666666664,68.0,41.75,48.5,49.666666666666664,10.2,,243279,Lewis Gordon,58
580,58.5,56.0,62.142857142857146,47.625,59.666666666666664,54.333333333333336,10.4,,243818,Mohammed Sangare,58
581,50.0,58.333333333333336,60.142857142857146,40.625,50.5,46.333333333333336,9.4,,248472,Marcel Lavinier,58
582,62.0,23.333333333333332,60.714285714285715,46.375,43.0,55.0,10.8,,246349,Dilan Markanday,58
583,59.5,21.0,67.85714285714286,54.375,51.666666666666664,52.0,11.4,,246092,Ali Reghba,58
584,14.0,10.666666666666666,35.857142857142854,13.0,22.0,19.0,57.6,,251453,Dan Langley,58
585,59.5,52.0,60.57142857142857,51.0,54.0,57.0,9.2,,251407,Jack Güclü,58
586,55.5,20.333333333333332,57.0,52.625,45.833333333333336,47.0,8.6,,258930,Cameron Archer,58
587,51.0,57.0,70.42857142857143,45.625,49.0,53.333333333333336,13.0,,258931,Haydon Roberts,58
588,47.5,59.666666666666664,56.142857142857146,40.625,55.0,51.333333333333336,11.0,,256449,Christian Marques,58
589,59.5,39.0,59.857142857142854,47.75,47.166666666666664,53.666666666666664,8.6,,260927,Kgaogelo Chauke,58
590,63.5,43.666666666666664,57.285714285714285,52.875,50.666666666666664,54.0,13.8,,264120,Andrew Moran,58
591,56.0,32.0,60.857142857142854,42.0,44.833333333333336,52.333333333333336,9.8,,256506,Flynn Clarke,57
592,56.5,34.0,63.714285714285715,50.0,52.333333333333336,54.333333333333336,9.8,,255474,Mark Helm,58
593,52.5,55.333333333333336,67.28571428571429,37.0,49.166666666666664,41.666666666666664,9.6,,264421,Thierry Small,58
594,50.5,58.333333333333336,68.85714285714286,36.5,49.666666666666664,49.333333333333336,9.0,,235808,Jacob Bedeau,59
595,60.5,57.333333333333336,59.857142857142854,49.0,56.666666666666664,57.333333333333336,10.6,,242436,Jon Russell,59
596,64.0,43.0,57.42857142857143,50.0,50.166666666666664,54.333333333333336,10.4,,251625,Ulrick Eneme-Ella,59
597,62.5,43.333333333333336,63.57142857142857,52.125,48.166666666666664,55.666666666666664,9.6,,254113,Chem Campbell,58
598,64.5,22.0,67.42857142857143,53.5,43.666666666666664,48.0,10.0,,253729,Armstrong Okoflex,59
599,62.0,30.666666666666668,59.714285714285715,57.375,44.0,56.333333333333336,10.2,,255312,Scott Banks,59
600,34.0,58.666666666666664,52.42857142857143,35.375,47.166666666666664,40.333333333333336,10.8,,254588,Billy Koumetio,57
601,52.5,41.0,64.71428571428571,40.25,49.666666666666664,49.333333333333336,11.2,,251516,Ossama Ashley,52
602,47.5,52.0,58.142857142857146,32.25,45.0,50.0,10.6,,248569,James Furlong,54
603,9.0,11.666666666666666,40.714285714285715,15.0,22.666666666666668,19.333333333333332,55.8,,242983,Jon McCracken,54
604,47.5,52.0,62.285714285714285,43.125,48.333333333333336,50.0,10.4,,251590,Lewis Richards,54
605,9.0,9.0,32.857142857142854,12.0,19.0,15.666666666666666,51.0,,245130,Oliver Webber,51
606,58.5,45.0,63.714285714285715,40.75,48.666666666666664,54.666666666666664,8.4,,256556,Ben Chrisene,53
607,55.5,48.0,59.285714285714285,48.75,50.5,54.333333333333336,10.2,,253461,Luke Cundle,54
608,56.5,19.0,60.0,44.0,42.833333333333336,45.333333333333336,8.2,,256353,Makaric Emmerson,55
609,52.0,20.333333333333332,60.285714285714285,50.625,42.166666666666664,45.0,11.0,,258532,Conor Carty,54
610,11.0,9.666666666666666,34.57142857142857,14.75,23.0,22.0,54.8,,261375,Lucas Bergström,54
611,49.5,52.333333333333336,61.0,36.75,43.833333333333336,47.0,10.4,,240866,Reece Hannam,55
612,59.0,46.333333333333336,61.142857142857146,41.25,49.166666666666664,52.666666666666664,11.0,,247622,Bernardo Rosa,55
613,36.5,56.0,53.42857142857143,35.625,42.833333333333336,37.333333333333336,9.2,,253483,Sam McClelland,55
614,55.5,45.666666666666664,60.285714285714285,48.75,52.666666666666664,56.0,11.6,,260929,Ryan Finnigan,55
615,56.0,48.666666666666664,61.0,45.75,55.666666666666664,54.0,9.6,,261032,Joe Hodge,55
616,56.5,22.333333333333332,63.0,46.5,53.0,44.333333333333336,9.2,,234571,Mésaque Djú,56
617,46.5,55.666666666666664,57.285714285714285,34.5,43.166666666666664,39.666666666666664,10.2,,248469,Dynel Simeu,56
618,51.0,55.333333333333336,61.285714285714285,41.125,48.0,48.0,12.6,,248473,Pierre Ekwah Elimby,56
619,34.0,57.0,57.57142857142857,37.375,44.0,35.0,10.2,,248711,Allan Tchaptchet,56
620,43.5,55.666666666666664,64.28571428571429,35.75,48.666666666666664,39.666666666666664,10.0,,240867,Ajibola Alese,57
621,54.0,32.0,57.714285714285715,51.25,43.833333333333336,52.666666666666664,10.0,,252480,Maurizio Pochettino,56
622,54.0,46.666666666666664,61.57142857142857,44.375,53.333333333333336,54.0,9.0,,256620,Liam Gibbs,55
623,54.5,52.666666666666664,60.857142857142854,43.75,53.5,58.0,9.6,,243391,Iker Pozo,57
624,58.0,54.0,63.285714285714285,48.625,57.5,55.666666666666664,8.8,,242787,Elijah Dixon-Bonner,57
625,37.5,56.333333333333336,58.42857142857143,35.375,46.833333333333336,38.666666666666664,7.8,,243848,Brooklyn Lyons-Foster,57
626,56.0,57.333333333333336,64.71428571428571,41.625,52.333333333333336,49.0,6.8,,250866,Morgan Boyes,57
627,57.5,56.333333333333336,58.57142857142857,46.625,54.833333333333336,55.666666666666664,10.4,,251648,Einar Iversen,57
628,57.5,15.333333333333334,59.142857142857146,56.625,43.5,39.666666666666664,10.4,,253971,Tom Dickson-Peters,57
629,42.5,57.0,62.142857142857146,36.5,45.333333333333336,41.333333333333336,9.2,,253429,Tom Clayton,57
630,51.5,51.0,60.0,45.375,44.0,48.666666666666664,8.6,,244507,Pascal Juan Estrada,51
